-- phpMyAdmin SQL Dump
-- version 5.2.0
-- https://www.phpmyadmin.net/
--
-- Host: 127.0.0.1
-- Generation Time: May 18, 2022 at 03:06 PM
-- Server version: 10.4.24-MariaDB
-- PHP Version: 8.1.6

SET SQL_MODE = "NO_AUTO_VALUE_ON_ZERO";
START TRANSACTION;
SET time_zone = "+00:00";


/*!40101 SET @OLD_CHARACTER_SET_CLIENT=@@CHARACTER_SET_CLIENT */;
/*!40101 SET @OLD_CHARACTER_SET_RESULTS=@@CHARACTER_SET_RESULTS */;
/*!40101 SET @OLD_COLLATION_CONNECTION=@@COLLATION_CONNECTION */;
/*!40101 SET NAMES utf8mb4 */;

--
-- Database: `ssdj`
--

-- --------------------------------------------------------

--
-- Table structure for table `grades`
--

CREATE TABLE `grades` (
  `id` int(11) NOT NULL,
  `name` varchar(6) NOT NULL
) ENGINE=InnoDB DEFAULT CHARSET=utf8mb4;

--
-- Dumping data for table `grades`
--

INSERT INTO `grades` (`id`, `name`) VALUES
(0, '小3');

-- --------------------------------------------------------

--
-- Table structure for table `histories`
--

CREATE TABLE `histories` (
  `student_id` int(11) NOT NULL,
  `rank_id` int(11) NOT NULL,
  `created` datetime NOT NULL,
  `updated` datetime NOT NULL
) ENGINE=InnoDB DEFAULT CHARSET=utf8mb4;

--
-- Dumping data for table `histories`
--

INSERT INTO `histories` (`student_id`, `rank_id`, `created`, `updated`) VALUES
(0, 1, '2022-05-18 10:11:36', '0000-00-00 00:00:00');

-- --------------------------------------------------------

--
-- Table structure for table `phinxlog`
--

CREATE TABLE `phinxlog` (
  `version` bigint(20) NOT NULL,
  `migration_name` varchar(100) DEFAULT NULL,
  `start_time` timestamp NULL DEFAULT NULL,
  `end_time` timestamp NULL DEFAULT NULL,
  `breakpoint` tinyint(1) NOT NULL DEFAULT 0
) ENGINE=InnoDB DEFAULT CHARSET=utf8;

-- --------------------------------------------------------

--
-- Table structure for table `ranks`
--

CREATE TABLE `ranks` (
  `id` int(11) NOT NULL,
  `name` varchar(6) NOT NULL,
  `base` int(11) DEFAULT NULL,
  `max` int(11) DEFAULT NULL,
  `created` datetime NOT NULL,
  `updated` datetime NOT NULL
) ENGINE=InnoDB DEFAULT CHARSET=utf8mb4;

--
-- Dumping data for table `ranks`
--

INSERT INTO `ranks` (`id`, `name`, `base`, `max`, `created`, `updated`) VALUES
(0, '無級', 0, 0, '0000-00-00 00:00:00', '0000-00-00 00:00:00'),
(1, '序の口', 1, 50, '0000-00-00 00:00:00', '0000-00-00 00:00:00'),
(2, '序二段', 51, 100, '0000-00-00 00:00:00', '0000-00-00 00:00:00'),
(3, '三段目', 101, 150, '0000-00-00 00:00:00', '0000-00-00 00:00:00'),
(4, '幕下', 151, 200, '0000-00-00 00:00:00', '0000-00-00 00:00:00'),
(5, '十両', 201, 250, '0000-00-00 00:00:00', '0000-00-00 00:00:00'),
(6, '前頭三枚目', 251, 300, '0000-00-00 00:00:00', '0000-00-00 00:00:00'),
(7, '前頭二枚目', 301, 350, '0000-00-00 00:00:00', '0000-00-00 00:00:00'),
(8, '前頭筆頭', 351, 400, '0000-00-00 00:00:00', '0000-00-00 00:00:00'),
(9, '小結', 401, 500, '0000-00-00 00:00:00', '0000-00-00 00:00:00');

-- --------------------------------------------------------

--
-- Table structure for table `results`
--

CREATE TABLE `results` (
  `student_id` int(11) NOT NULL,
  `worksheet_id` int(11) NOT NULL,
  `result` varchar(6) NOT NULL,
  `created` datetime NOT NULL,
  `updated` datetime NOT NULL
) ENGINE=InnoDB DEFAULT CHARSET=utf8mb4;

--
-- Dumping data for table `results`
--

INSERT INTO `results` (`student_id`, `worksheet_id`, `result`, `created`, `updated`) VALUES
(0, 1, '◎', '2022-05-18 10:10:54', '0000-00-00 00:00:00'),
(0, 2, '△', '2022-05-18 10:10:54', '0000-00-00 00:00:00'),
(0, 3, '△', '2022-05-18 10:10:54', '0000-00-00 00:00:00'),
(0, 4, '◎', '2022-05-18 10:10:54', '0000-00-00 00:00:00'),
(0, 5, '□', '2022-05-18 10:10:54', '0000-00-00 00:00:00'),
(0, 6, '□', '2022-05-18 10:10:54', '0000-00-00 00:00:00'),
(0, 7, '□', '2022-05-18 10:10:54', '0000-00-00 00:00:00'),
(0, 8, '□', '2022-05-18 10:10:54', '0000-00-00 00:00:00'),
(0, 9, '□', '2022-05-18 10:10:54', '0000-00-00 00:00:00'),
(0, 10, '□', '2022-05-18 10:10:54', '0000-00-00 00:00:00'),
(0, 11, '◎', '2022-05-18 10:10:54', '0000-00-00 00:00:00'),
(0, 12, '◎', '2022-05-18 10:10:54', '0000-00-00 00:00:00'),
(0, 13, '□', '2022-05-18 10:10:54', '0000-00-00 00:00:00'),
(0, 14, '□', '2022-05-18 10:10:54', '0000-00-00 00:00:00'),
(0, 15, '□', '2022-05-18 10:10:54', '0000-00-00 00:00:00'),
(0, 16, '□', '2022-05-18 10:10:54', '0000-00-00 00:00:00'),
(0, 17, '□', '2022-05-18 10:10:54', '0000-00-00 00:00:00'),
(0, 18, '□', '2022-05-18 10:10:54', '0000-00-00 00:00:00'),
(0, 19, '□', '2022-05-18 10:10:54', '0000-00-00 00:00:00'),
(0, 20, '□', '2022-05-18 10:10:54', '0000-00-00 00:00:00'),
(0, 21, '◎', '2022-05-18 10:10:54', '0000-00-00 00:00:00'),
(0, 22, '△', '2022-05-18 10:10:54', '0000-00-00 00:00:00'),
(0, 23, '◎', '2022-05-18 10:10:54', '0000-00-00 00:00:00'),
(0, 24, '◎', '2022-05-18 10:10:54', '0000-00-00 00:00:00'),
(0, 25, '□', '2022-05-18 10:10:54', '0000-00-00 00:00:00'),
(0, 26, '□', '2022-05-18 10:10:54', '0000-00-00 00:00:00'),
(0, 27, '□', '2022-05-18 10:10:54', '0000-00-00 00:00:00'),
(0, 28, '□', '2022-05-18 10:10:54', '0000-00-00 00:00:00'),
(0, 29, '□', '2022-05-18 10:10:54', '0000-00-00 00:00:00'),
(0, 30, '□', '2022-05-18 10:10:54', '0000-00-00 00:00:00'),
(0, 31, '◎', '2022-05-18 10:10:54', '0000-00-00 00:00:00'),
(0, 32, '△', '2022-05-18 10:10:54', '0000-00-00 00:00:00'),
(0, 33, '△', '2022-05-18 10:10:54', '0000-00-00 00:00:00'),
(0, 34, '◎', '2022-05-18 10:10:54', '0000-00-00 00:00:00'),
(0, 35, '◎', '2022-05-18 10:10:54', '0000-00-00 00:00:00'),
(0, 36, '□', '2022-05-18 10:10:54', '0000-00-00 00:00:00'),
(0, 37, '□', '2022-05-18 10:10:54', '0000-00-00 00:00:00'),
(0, 38, '□', '2022-05-18 10:10:54', '0000-00-00 00:00:00'),
(0, 39, '□', '2022-05-18 10:10:54', '0000-00-00 00:00:00'),
(0, 40, '□', '2022-05-18 10:10:54', '0000-00-00 00:00:00'),
(0, 41, '△', '2022-05-18 10:10:54', '0000-00-00 00:00:00'),
(0, 42, '△', '2022-05-18 10:10:54', '0000-00-00 00:00:00'),
(0, 43, '◎', '2022-05-18 10:10:54', '0000-00-00 00:00:00'),
(0, 44, '◎', '2022-05-18 10:10:54', '0000-00-00 00:00:00'),
(0, 45, '□', '2022-05-18 10:10:54', '0000-00-00 00:00:00'),
(0, 46, '□', '2022-05-18 10:10:54', '0000-00-00 00:00:00'),
(0, 47, '□', '2022-05-18 10:10:54', '0000-00-00 00:00:00'),
(0, 48, '□', '2022-05-18 10:10:54', '0000-00-00 00:00:00'),
(0, 49, '□', '2022-05-18 10:10:54', '0000-00-00 00:00:00'),
(0, 50, '□', '2022-05-18 10:10:54', '0000-00-00 00:00:00'),
(0, 51, '□', '2022-05-18 10:11:36', '0000-00-00 00:00:00'),
(0, 52, '□', '2022-05-18 10:11:36', '0000-00-00 00:00:00'),
(0, 53, '□', '2022-05-18 10:11:36', '0000-00-00 00:00:00'),
(0, 54, '□', '2022-05-18 10:11:36', '0000-00-00 00:00:00'),
(0, 55, '□', '2022-05-18 10:11:36', '0000-00-00 00:00:00'),
(0, 56, '□', '2022-05-18 10:11:36', '0000-00-00 00:00:00'),
(0, 57, '□', '2022-05-18 10:11:36', '0000-00-00 00:00:00'),
(0, 58, '□', '2022-05-18 10:11:36', '0000-00-00 00:00:00'),
(0, 59, '□', '2022-05-18 10:11:36', '0000-00-00 00:00:00'),
(0, 60, '□', '2022-05-18 10:11:36', '0000-00-00 00:00:00'),
(0, 61, '□', '2022-05-18 10:11:36', '0000-00-00 00:00:00'),
(0, 62, '□', '2022-05-18 10:11:36', '0000-00-00 00:00:00'),
(0, 63, '□', '2022-05-18 10:11:36', '0000-00-00 00:00:00'),
(0, 64, '□', '2022-05-18 10:11:36', '0000-00-00 00:00:00'),
(0, 65, '□', '2022-05-18 10:11:36', '0000-00-00 00:00:00'),
(0, 66, '□', '2022-05-18 10:11:36', '0000-00-00 00:00:00'),
(0, 67, '□', '2022-05-18 10:11:36', '0000-00-00 00:00:00'),
(0, 68, '□', '2022-05-18 10:11:36', '0000-00-00 00:00:00'),
(0, 69, '□', '2022-05-18 10:11:36', '0000-00-00 00:00:00'),
(0, 70, '□', '2022-05-18 10:11:36', '0000-00-00 00:00:00'),
(0, 71, '□', '2022-05-18 10:11:36', '0000-00-00 00:00:00'),
(0, 72, '□', '2022-05-18 10:11:36', '0000-00-00 00:00:00'),
(0, 73, '□', '2022-05-18 10:11:36', '0000-00-00 00:00:00'),
(0, 74, '□', '2022-05-18 10:11:36', '0000-00-00 00:00:00'),
(0, 75, '□', '2022-05-18 10:11:36', '0000-00-00 00:00:00'),
(0, 76, '□', '2022-05-18 10:11:36', '0000-00-00 00:00:00'),
(0, 77, '□', '2022-05-18 10:11:36', '0000-00-00 00:00:00'),
(0, 78, '□', '2022-05-18 10:11:36', '0000-00-00 00:00:00'),
(0, 79, '□', '2022-05-18 10:11:36', '0000-00-00 00:00:00'),
(0, 80, '□', '2022-05-18 10:11:36', '0000-00-00 00:00:00'),
(0, 81, '□', '2022-05-18 10:11:36', '0000-00-00 00:00:00'),
(0, 82, '□', '2022-05-18 10:11:36', '0000-00-00 00:00:00'),
(0, 83, '□', '2022-05-18 10:11:36', '0000-00-00 00:00:00'),
(0, 84, '□', '2022-05-18 10:11:36', '0000-00-00 00:00:00'),
(0, 85, '□', '2022-05-18 10:11:36', '0000-00-00 00:00:00'),
(0, 86, '□', '2022-05-18 10:11:36', '0000-00-00 00:00:00'),
(0, 87, '□', '2022-05-18 10:11:36', '0000-00-00 00:00:00'),
(0, 88, '□', '2022-05-18 10:11:36', '0000-00-00 00:00:00'),
(0, 89, '□', '2022-05-18 10:11:36', '0000-00-00 00:00:00'),
(0, 90, '□', '2022-05-18 10:11:36', '0000-00-00 00:00:00'),
(0, 91, '□', '2022-05-18 10:11:36', '0000-00-00 00:00:00'),
(0, 92, '□', '2022-05-18 10:11:36', '0000-00-00 00:00:00'),
(0, 93, '□', '2022-05-18 10:11:36', '0000-00-00 00:00:00'),
(0, 94, '□', '2022-05-18 10:11:36', '0000-00-00 00:00:00'),
(0, 95, '□', '2022-05-18 10:11:36', '0000-00-00 00:00:00'),
(0, 96, '□', '2022-05-18 10:11:36', '0000-00-00 00:00:00'),
(0, 97, '□', '2022-05-18 10:11:36', '0000-00-00 00:00:00'),
(0, 98, '□', '2022-05-18 10:11:36', '0000-00-00 00:00:00'),
(0, 99, '□', '2022-05-18 10:11:36', '0000-00-00 00:00:00'),
(0, 100, '□', '2022-05-18 10:11:36', '0000-00-00 00:00:00');

-- --------------------------------------------------------

--
-- Table structure for table `students`
--

CREATE TABLE `students` (
  `id` int(11) NOT NULL,
  `student_numer` varchar(8) NOT NULL,
  `name` varchar(32) NOT NULL,
  `rank_id` int(11) NOT NULL,
  `worksheets_count` int(11) DEFAULT 0,
  `perfects_count` int(11) DEFAULT 0,
  `accuracy_rate` float DEFAULT 0,
  `created` datetime DEFAULT NULL,
  `modified` datetime DEFAULT NULL,
  `email` varchar(32) DEFAULT NULL,
  `password` varchar(32) DEFAULT NULL,
  `grade_id` int(11) DEFAULT NULL
) ENGINE=InnoDB DEFAULT CHARSET=utf8mb4;

--
-- Dumping data for table `students`
--

INSERT INTO `students` (`id`, `student_numer`, `name`, `rank_id`, `worksheets_count`, `perfects_count`, `accuracy_rate`, `created`, `modified`, `email`, `password`, `grade_id`) VALUES
(0, '', '前田　諒', 1, 19, 12, 63.16, '2022-05-18 10:10:54', '2022-05-18 10:11:36', '', '768677', 0);

-- --------------------------------------------------------

--
-- Table structure for table `subranks`
--

CREATE TABLE `subranks` (
  `id` int(11) NOT NULL,
  `rank_id` int(11) NOT NULL,
  `numwithin` int(11) NOT NULL,
  `created` datetime NOT NULL,
  `updated` datetime NOT NULL
) ENGINE=InnoDB DEFAULT CHARSET=utf8mb4;

--
-- Dumping data for table `subranks`
--

INSERT INTO `subranks` (`id`, `rank_id`, `numwithin`, `created`, `updated`) VALUES
(0, 1, 1, '2022-05-18 10:08:47', '0000-00-00 00:00:00'),
(1, 1, 2, '2022-05-18 10:08:47', '0000-00-00 00:00:00'),
(2, 1, 3, '2022-05-18 10:08:47', '0000-00-00 00:00:00'),
(3, 1, 4, '2022-05-18 10:08:47', '0000-00-00 00:00:00'),
(4, 1, 5, '2022-05-18 10:08:47', '0000-00-00 00:00:00'),
(5, 2, 1, '2022-05-18 10:09:39', '0000-00-00 00:00:00'),
(6, 2, 2, '2022-05-18 10:09:39', '0000-00-00 00:00:00'),
(7, 2, 3, '2022-05-18 10:09:39', '0000-00-00 00:00:00'),
(8, 2, 4, '2022-05-18 10:09:39', '0000-00-00 00:00:00'),
(9, 2, 5, '2022-05-18 10:09:39', '0000-00-00 00:00:00'),
(10, 3, 1, '2022-05-18 10:09:50', '0000-00-00 00:00:00'),
(11, 3, 2, '2022-05-18 10:09:50', '0000-00-00 00:00:00'),
(12, 3, 3, '2022-05-18 10:09:50', '0000-00-00 00:00:00'),
(13, 3, 4, '2022-05-18 10:09:50', '0000-00-00 00:00:00'),
(14, 3, 5, '2022-05-18 10:09:50', '0000-00-00 00:00:00'),
(15, 4, 1, '2022-05-18 10:09:58', '0000-00-00 00:00:00'),
(16, 4, 2, '2022-05-18 10:09:58', '0000-00-00 00:00:00'),
(17, 4, 3, '2022-05-18 10:09:58', '0000-00-00 00:00:00'),
(18, 4, 4, '2022-05-18 10:09:58', '0000-00-00 00:00:00'),
(19, 4, 5, '2022-05-18 10:09:58', '0000-00-00 00:00:00'),
(20, 5, 1, '2022-05-18 10:45:14', '0000-00-00 00:00:00'),
(21, 5, 2, '2022-05-18 10:45:14', '0000-00-00 00:00:00'),
(22, 5, 3, '2022-05-18 10:45:14', '0000-00-00 00:00:00'),
(23, 5, 4, '2022-05-18 10:45:14', '0000-00-00 00:00:00'),
(24, 5, 5, '2022-05-18 10:45:14', '0000-00-00 00:00:00'),
(25, 6, 1, '2022-05-18 10:58:46', '0000-00-00 00:00:00'),
(26, 6, 2, '2022-05-18 10:58:46', '0000-00-00 00:00:00'),
(27, 6, 3, '2022-05-18 10:58:46', '0000-00-00 00:00:00'),
(28, 6, 4, '2022-05-18 10:58:46', '0000-00-00 00:00:00'),
(29, 6, 5, '2022-05-18 10:58:46', '0000-00-00 00:00:00'),
(30, 7, 1, '2022-05-18 10:59:14', '0000-00-00 00:00:00'),
(31, 7, 2, '2022-05-18 10:59:14', '0000-00-00 00:00:00'),
(32, 7, 3, '2022-05-18 10:59:14', '0000-00-00 00:00:00'),
(33, 7, 4, '2022-05-18 10:59:14', '0000-00-00 00:00:00'),
(34, 7, 5, '2022-05-18 10:59:14', '0000-00-00 00:00:00'),
(35, 8, 1, '2022-05-18 10:59:29', '0000-00-00 00:00:00'),
(36, 8, 2, '2022-05-18 10:59:29', '0000-00-00 00:00:00'),
(37, 8, 3, '2022-05-18 10:59:29', '0000-00-00 00:00:00'),
(38, 8, 4, '2022-05-18 10:59:29', '0000-00-00 00:00:00'),
(39, 8, 5, '2022-05-18 10:59:29', '0000-00-00 00:00:00');

-- --------------------------------------------------------

--
-- Table structure for table `worksheets`
--

CREATE TABLE `worksheets` (
  `id` int(11) NOT NULL,
  `subrank_id` int(11) NOT NULL,
  `link` varchar(255) NOT NULL,
  `created` datetime NOT NULL,
  `updated` datetime NOT NULL
) ENGINE=InnoDB DEFAULT CHARSET=utf8mb4;

--
-- Dumping data for table `worksheets`
--

INSERT INTO `worksheets` (`id`, `subrank_id`, `link`, `created`, `updated`) VALUES
(1, 0, '', '2022-05-18 10:08:47', '0000-00-00 00:00:00'),
(2, 0, '', '2022-05-18 10:08:47', '0000-00-00 00:00:00'),
(3, 0, '', '2022-05-18 10:08:47', '0000-00-00 00:00:00'),
(4, 0, '', '2022-05-18 10:08:47', '0000-00-00 00:00:00'),
(5, 0, '', '2022-05-18 10:08:47', '0000-00-00 00:00:00'),
(6, 0, '', '2022-05-18 10:08:47', '0000-00-00 00:00:00'),
(7, 0, '', '2022-05-18 10:08:47', '0000-00-00 00:00:00'),
(8, 0, '', '2022-05-18 10:08:47', '0000-00-00 00:00:00'),
(9, 0, '', '2022-05-18 10:08:47', '0000-00-00 00:00:00'),
(10, 0, '', '2022-05-18 10:08:47', '0000-00-00 00:00:00'),
(11, 1, '', '2022-05-18 10:08:47', '0000-00-00 00:00:00'),
(12, 1, '', '2022-05-18 10:08:47', '0000-00-00 00:00:00'),
(13, 1, '', '2022-05-18 10:08:47', '0000-00-00 00:00:00'),
(14, 1, '', '2022-05-18 10:08:47', '0000-00-00 00:00:00'),
(15, 1, '', '2022-05-18 10:08:47', '0000-00-00 00:00:00'),
(16, 1, '', '2022-05-18 10:08:47', '0000-00-00 00:00:00'),
(17, 1, '', '2022-05-18 10:08:47', '0000-00-00 00:00:00'),
(18, 1, '', '2022-05-18 10:08:47', '0000-00-00 00:00:00'),
(19, 1, '', '2022-05-18 10:08:47', '0000-00-00 00:00:00'),
(20, 1, '', '2022-05-18 10:08:47', '0000-00-00 00:00:00'),
(21, 2, '', '2022-05-18 10:08:47', '0000-00-00 00:00:00'),
(22, 2, '', '2022-05-18 10:08:47', '0000-00-00 00:00:00'),
(23, 2, '', '2022-05-18 10:08:47', '0000-00-00 00:00:00'),
(24, 2, '', '2022-05-18 10:08:47', '0000-00-00 00:00:00'),
(25, 2, '', '2022-05-18 10:08:47', '0000-00-00 00:00:00'),
(26, 2, '', '2022-05-18 10:08:47', '0000-00-00 00:00:00'),
(27, 2, '', '2022-05-18 10:08:47', '0000-00-00 00:00:00'),
(28, 2, '', '2022-05-18 10:08:47', '0000-00-00 00:00:00'),
(29, 2, '', '2022-05-18 10:08:47', '0000-00-00 00:00:00'),
(30, 2, '', '2022-05-18 10:08:47', '0000-00-00 00:00:00'),
(31, 3, '', '2022-05-18 10:08:47', '0000-00-00 00:00:00'),
(32, 3, '', '2022-05-18 10:08:47', '0000-00-00 00:00:00'),
(33, 3, '', '2022-05-18 10:08:47', '0000-00-00 00:00:00'),
(34, 3, '', '2022-05-18 10:08:47', '0000-00-00 00:00:00'),
(35, 3, '', '2022-05-18 10:08:47', '0000-00-00 00:00:00'),
(36, 3, '', '2022-05-18 10:08:47', '0000-00-00 00:00:00'),
(37, 3, '', '2022-05-18 10:08:47', '0000-00-00 00:00:00'),
(38, 3, '', '2022-05-18 10:08:47', '0000-00-00 00:00:00'),
(39, 3, '', '2022-05-18 10:08:47', '0000-00-00 00:00:00'),
(40, 3, '', '2022-05-18 10:08:47', '0000-00-00 00:00:00'),
(41, 4, '', '2022-05-18 10:08:47', '0000-00-00 00:00:00'),
(42, 4, '', '2022-05-18 10:08:47', '0000-00-00 00:00:00'),
(43, 4, '', '2022-05-18 10:08:47', '0000-00-00 00:00:00'),
(44, 4, '', '2022-05-18 10:08:47', '0000-00-00 00:00:00'),
(45, 4, '', '2022-05-18 10:08:47', '0000-00-00 00:00:00'),
(46, 4, '', '2022-05-18 10:08:47', '0000-00-00 00:00:00'),
(47, 4, '', '2022-05-18 10:08:47', '0000-00-00 00:00:00'),
(48, 4, '', '2022-05-18 10:08:47', '0000-00-00 00:00:00'),
(49, 4, '', '2022-05-18 10:08:47', '0000-00-00 00:00:00'),
(50, 4, '', '2022-05-18 10:08:47', '0000-00-00 00:00:00'),
(51, 5, '', '2022-05-18 10:09:39', '0000-00-00 00:00:00'),
(52, 5, '', '2022-05-18 10:09:39', '0000-00-00 00:00:00'),
(53, 5, '', '2022-05-18 10:09:39', '0000-00-00 00:00:00'),
(54, 5, '', '2022-05-18 10:09:39', '0000-00-00 00:00:00'),
(55, 5, '', '2022-05-18 10:09:39', '0000-00-00 00:00:00'),
(56, 5, '', '2022-05-18 10:09:39', '0000-00-00 00:00:00'),
(57, 5, '', '2022-05-18 10:09:39', '0000-00-00 00:00:00'),
(58, 5, '', '2022-05-18 10:09:39', '0000-00-00 00:00:00'),
(59, 5, '', '2022-05-18 10:09:39', '0000-00-00 00:00:00'),
(60, 5, '', '2022-05-18 10:09:39', '0000-00-00 00:00:00'),
(61, 6, '', '2022-05-18 10:09:39', '0000-00-00 00:00:00'),
(62, 6, '', '2022-05-18 10:09:39', '0000-00-00 00:00:00'),
(63, 6, '', '2022-05-18 10:09:39', '0000-00-00 00:00:00'),
(64, 6, '', '2022-05-18 10:09:39', '0000-00-00 00:00:00'),
(65, 6, '', '2022-05-18 10:09:39', '0000-00-00 00:00:00'),
(66, 6, '', '2022-05-18 10:09:39', '0000-00-00 00:00:00'),
(67, 6, '', '2022-05-18 10:09:39', '0000-00-00 00:00:00'),
(68, 6, '', '2022-05-18 10:09:39', '0000-00-00 00:00:00'),
(69, 6, '', '2022-05-18 10:09:39', '0000-00-00 00:00:00'),
(70, 6, '', '2022-05-18 10:09:39', '0000-00-00 00:00:00'),
(71, 7, '', '2022-05-18 10:09:39', '0000-00-00 00:00:00'),
(72, 7, '', '2022-05-18 10:09:39', '0000-00-00 00:00:00'),
(73, 7, '', '2022-05-18 10:09:39', '0000-00-00 00:00:00'),
(74, 7, '', '2022-05-18 10:09:39', '0000-00-00 00:00:00'),
(75, 7, '', '2022-05-18 10:09:39', '0000-00-00 00:00:00'),
(76, 7, '', '2022-05-18 10:09:39', '0000-00-00 00:00:00'),
(77, 7, '', '2022-05-18 10:09:39', '0000-00-00 00:00:00'),
(78, 7, '', '2022-05-18 10:09:39', '0000-00-00 00:00:00'),
(79, 7, '', '2022-05-18 10:09:39', '0000-00-00 00:00:00'),
(80, 7, '', '2022-05-18 10:09:39', '0000-00-00 00:00:00'),
(81, 8, '', '2022-05-18 10:09:39', '0000-00-00 00:00:00'),
(82, 8, '', '2022-05-18 10:09:39', '0000-00-00 00:00:00'),
(83, 8, '', '2022-05-18 10:09:39', '0000-00-00 00:00:00'),
(84, 8, '', '2022-05-18 10:09:39', '0000-00-00 00:00:00'),
(85, 8, '', '2022-05-18 10:09:39', '0000-00-00 00:00:00'),
(86, 8, '', '2022-05-18 10:09:39', '0000-00-00 00:00:00'),
(87, 8, '', '2022-05-18 10:09:39', '0000-00-00 00:00:00'),
(88, 8, '', '2022-05-18 10:09:39', '0000-00-00 00:00:00'),
(89, 8, '', '2022-05-18 10:09:39', '0000-00-00 00:00:00'),
(90, 8, '', '2022-05-18 10:09:39', '0000-00-00 00:00:00'),
(91, 9, '', '2022-05-18 10:09:39', '0000-00-00 00:00:00'),
(92, 9, '', '2022-05-18 10:09:39', '0000-00-00 00:00:00'),
(93, 9, '', '2022-05-18 10:09:39', '0000-00-00 00:00:00'),
(94, 9, '', '2022-05-18 10:09:39', '0000-00-00 00:00:00'),
(95, 9, '', '2022-05-18 10:09:39', '0000-00-00 00:00:00'),
(96, 9, '', '2022-05-18 10:09:39', '0000-00-00 00:00:00'),
(97, 9, '', '2022-05-18 10:09:39', '0000-00-00 00:00:00'),
(98, 9, '', '2022-05-18 10:09:39', '0000-00-00 00:00:00'),
(99, 9, '', '2022-05-18 10:09:39', '0000-00-00 00:00:00'),
(100, 9, '', '2022-05-18 10:09:39', '0000-00-00 00:00:00'),
(101, 10, '', '2022-05-18 10:09:50', '0000-00-00 00:00:00'),
(102, 10, '', '2022-05-18 10:09:50', '0000-00-00 00:00:00'),
(103, 10, '', '2022-05-18 10:09:50', '0000-00-00 00:00:00'),
(104, 10, '', '2022-05-18 10:09:50', '0000-00-00 00:00:00'),
(105, 10, '', '2022-05-18 10:09:50', '0000-00-00 00:00:00'),
(106, 10, '', '2022-05-18 10:09:50', '0000-00-00 00:00:00'),
(107, 10, '', '2022-05-18 10:09:50', '0000-00-00 00:00:00'),
(108, 10, '', '2022-05-18 10:09:50', '0000-00-00 00:00:00'),
(109, 10, '', '2022-05-18 10:09:50', '0000-00-00 00:00:00'),
(110, 10, '', '2022-05-18 10:09:50', '0000-00-00 00:00:00'),
(111, 11, '', '2022-05-18 10:09:50', '0000-00-00 00:00:00'),
(112, 11, '', '2022-05-18 10:09:50', '0000-00-00 00:00:00'),
(113, 11, '', '2022-05-18 10:09:50', '0000-00-00 00:00:00'),
(114, 11, '', '2022-05-18 10:09:50', '0000-00-00 00:00:00'),
(115, 11, '', '2022-05-18 10:09:50', '0000-00-00 00:00:00'),
(116, 11, '', '2022-05-18 10:09:50', '0000-00-00 00:00:00'),
(117, 11, '', '2022-05-18 10:09:50', '0000-00-00 00:00:00'),
(118, 11, '', '2022-05-18 10:09:50', '0000-00-00 00:00:00'),
(119, 11, '', '2022-05-18 10:09:50', '0000-00-00 00:00:00'),
(120, 11, '', '2022-05-18 10:09:50', '0000-00-00 00:00:00'),
(121, 12, '', '2022-05-18 10:09:50', '0000-00-00 00:00:00'),
(122, 12, '', '2022-05-18 10:09:50', '0000-00-00 00:00:00'),
(123, 12, '', '2022-05-18 10:09:50', '0000-00-00 00:00:00'),
(124, 12, '', '2022-05-18 10:09:50', '0000-00-00 00:00:00'),
(125, 12, '', '2022-05-18 10:09:50', '0000-00-00 00:00:00'),
(126, 12, '', '2022-05-18 10:09:50', '0000-00-00 00:00:00'),
(127, 12, '', '2022-05-18 10:09:50', '0000-00-00 00:00:00'),
(128, 12, '', '2022-05-18 10:09:50', '0000-00-00 00:00:00'),
(129, 12, '', '2022-05-18 10:09:50', '0000-00-00 00:00:00'),
(130, 12, '', '2022-05-18 10:09:50', '0000-00-00 00:00:00'),
(131, 13, '', '2022-05-18 10:09:50', '0000-00-00 00:00:00'),
(132, 13, '', '2022-05-18 10:09:50', '0000-00-00 00:00:00'),
(133, 13, '', '2022-05-18 10:09:50', '0000-00-00 00:00:00'),
(134, 13, '', '2022-05-18 10:09:50', '0000-00-00 00:00:00'),
(135, 13, '', '2022-05-18 10:09:50', '0000-00-00 00:00:00'),
(136, 13, '', '2022-05-18 10:09:50', '0000-00-00 00:00:00'),
(137, 13, '', '2022-05-18 10:09:50', '0000-00-00 00:00:00'),
(138, 13, '', '2022-05-18 10:09:50', '0000-00-00 00:00:00'),
(139, 13, '', '2022-05-18 10:09:50', '0000-00-00 00:00:00'),
(140, 13, '', '2022-05-18 10:09:50', '0000-00-00 00:00:00'),
(141, 14, '', '2022-05-18 10:09:50', '0000-00-00 00:00:00'),
(142, 14, '', '2022-05-18 10:09:50', '0000-00-00 00:00:00'),
(143, 14, '', '2022-05-18 10:09:50', '0000-00-00 00:00:00'),
(144, 14, '', '2022-05-18 10:09:50', '0000-00-00 00:00:00'),
(145, 14, '', '2022-05-18 10:09:50', '0000-00-00 00:00:00'),
(146, 14, '', '2022-05-18 10:09:50', '0000-00-00 00:00:00'),
(147, 14, '', '2022-05-18 10:09:50', '0000-00-00 00:00:00'),
(148, 14, '', '2022-05-18 10:09:50', '0000-00-00 00:00:00'),
(149, 14, '', '2022-05-18 10:09:50', '0000-00-00 00:00:00'),
(150, 14, '', '2022-05-18 10:09:50', '0000-00-00 00:00:00'),
(151, 15, '', '2022-05-18 10:09:58', '0000-00-00 00:00:00'),
(152, 15, '', '2022-05-18 10:09:58', '0000-00-00 00:00:00'),
(153, 15, '', '2022-05-18 10:09:58', '0000-00-00 00:00:00'),
(154, 15, '', '2022-05-18 10:09:58', '0000-00-00 00:00:00'),
(155, 15, '', '2022-05-18 10:09:58', '0000-00-00 00:00:00'),
(156, 15, '', '2022-05-18 10:09:58', '0000-00-00 00:00:00'),
(157, 15, '', '2022-05-18 10:09:58', '0000-00-00 00:00:00'),
(158, 15, '', '2022-05-18 10:09:58', '0000-00-00 00:00:00'),
(159, 15, '', '2022-05-18 10:09:58', '0000-00-00 00:00:00'),
(160, 15, '', '2022-05-18 10:09:58', '0000-00-00 00:00:00'),
(161, 16, '', '2022-05-18 10:09:58', '0000-00-00 00:00:00'),
(162, 16, '', '2022-05-18 10:09:58', '0000-00-00 00:00:00'),
(163, 16, '', '2022-05-18 10:09:58', '0000-00-00 00:00:00'),
(164, 16, '', '2022-05-18 10:09:58', '0000-00-00 00:00:00'),
(165, 16, '', '2022-05-18 10:09:58', '0000-00-00 00:00:00'),
(166, 16, '', '2022-05-18 10:09:58', '0000-00-00 00:00:00'),
(167, 16, '', '2022-05-18 10:09:58', '0000-00-00 00:00:00'),
(168, 16, '', '2022-05-18 10:09:58', '0000-00-00 00:00:00'),
(169, 16, '', '2022-05-18 10:09:58', '0000-00-00 00:00:00'),
(170, 16, '', '2022-05-18 10:09:58', '0000-00-00 00:00:00'),
(171, 17, '', '2022-05-18 10:09:58', '0000-00-00 00:00:00'),
(172, 17, '', '2022-05-18 10:09:58', '0000-00-00 00:00:00'),
(173, 17, '', '2022-05-18 10:09:58', '0000-00-00 00:00:00'),
(174, 17, '', '2022-05-18 10:09:58', '0000-00-00 00:00:00'),
(175, 17, '', '2022-05-18 10:09:58', '0000-00-00 00:00:00'),
(176, 17, '', '2022-05-18 10:09:58', '0000-00-00 00:00:00'),
(177, 17, '', '2022-05-18 10:09:58', '0000-00-00 00:00:00'),
(178, 17, '', '2022-05-18 10:09:58', '0000-00-00 00:00:00'),
(179, 17, '', '2022-05-18 10:09:58', '0000-00-00 00:00:00'),
(180, 17, '', '2022-05-18 10:09:58', '0000-00-00 00:00:00'),
(181, 18, '', '2022-05-18 10:09:58', '0000-00-00 00:00:00'),
(182, 18, '', '2022-05-18 10:09:58', '0000-00-00 00:00:00'),
(183, 18, '', '2022-05-18 10:09:58', '0000-00-00 00:00:00'),
(184, 18, '', '2022-05-18 10:09:58', '0000-00-00 00:00:00'),
(185, 18, '', '2022-05-18 10:09:58', '0000-00-00 00:00:00'),
(186, 18, '', '2022-05-18 10:09:58', '0000-00-00 00:00:00'),
(187, 18, '', '2022-05-18 10:09:58', '0000-00-00 00:00:00'),
(188, 18, '', '2022-05-18 10:09:58', '0000-00-00 00:00:00'),
(189, 18, '', '2022-05-18 10:09:58', '0000-00-00 00:00:00'),
(190, 18, '', '2022-05-18 10:09:58', '0000-00-00 00:00:00'),
(191, 19, '', '2022-05-18 10:09:58', '0000-00-00 00:00:00'),
(192, 19, '', '2022-05-18 10:09:58', '0000-00-00 00:00:00'),
(193, 19, '', '2022-05-18 10:09:58', '0000-00-00 00:00:00'),
(194, 19, '', '2022-05-18 10:09:58', '0000-00-00 00:00:00'),
(195, 19, '', '2022-05-18 10:09:58', '0000-00-00 00:00:00'),
(196, 19, '', '2022-05-18 10:09:58', '0000-00-00 00:00:00'),
(197, 19, '', '2022-05-18 10:09:58', '0000-00-00 00:00:00'),
(198, 19, '', '2022-05-18 10:09:58', '0000-00-00 00:00:00'),
(199, 19, '', '2022-05-18 10:09:58', '0000-00-00 00:00:00'),
(200, 19, '', '2022-05-18 10:09:58', '0000-00-00 00:00:00'),
(201, 20, '', '2022-05-18 10:45:14', '0000-00-00 00:00:00'),
(202, 20, '', '2022-05-18 10:45:14', '0000-00-00 00:00:00'),
(203, 20, '', '2022-05-18 10:45:14', '0000-00-00 00:00:00'),
(204, 20, '', '2022-05-18 10:45:14', '0000-00-00 00:00:00'),
(205, 20, '', '2022-05-18 10:45:14', '0000-00-00 00:00:00'),
(206, 20, '', '2022-05-18 10:45:14', '0000-00-00 00:00:00'),
(207, 20, '', '2022-05-18 10:45:14', '0000-00-00 00:00:00'),
(208, 20, '', '2022-05-18 10:45:14', '0000-00-00 00:00:00'),
(209, 20, '', '2022-05-18 10:45:14', '0000-00-00 00:00:00'),
(210, 20, '', '2022-05-18 10:45:14', '0000-00-00 00:00:00'),
(211, 21, '', '2022-05-18 10:45:14', '0000-00-00 00:00:00'),
(212, 21, '', '2022-05-18 10:45:14', '0000-00-00 00:00:00'),
(213, 21, '', '2022-05-18 10:45:14', '0000-00-00 00:00:00'),
(214, 21, '', '2022-05-18 10:45:14', '0000-00-00 00:00:00'),
(215, 21, '', '2022-05-18 10:45:14', '0000-00-00 00:00:00'),
(216, 21, '', '2022-05-18 10:45:14', '0000-00-00 00:00:00'),
(217, 21, '', '2022-05-18 10:45:14', '0000-00-00 00:00:00'),
(218, 21, '', '2022-05-18 10:45:14', '0000-00-00 00:00:00'),
(219, 21, '', '2022-05-18 10:45:14', '0000-00-00 00:00:00'),
(220, 21, '', '2022-05-18 10:45:14', '0000-00-00 00:00:00'),
(221, 22, '', '2022-05-18 10:45:14', '0000-00-00 00:00:00'),
(222, 22, '', '2022-05-18 10:45:14', '0000-00-00 00:00:00'),
(223, 22, '', '2022-05-18 10:45:14', '0000-00-00 00:00:00'),
(224, 22, '', '2022-05-18 10:45:14', '0000-00-00 00:00:00'),
(225, 22, '', '2022-05-18 10:45:14', '0000-00-00 00:00:00'),
(226, 22, '', '2022-05-18 10:45:14', '0000-00-00 00:00:00'),
(227, 22, '', '2022-05-18 10:45:14', '0000-00-00 00:00:00'),
(228, 22, '', '2022-05-18 10:45:14', '0000-00-00 00:00:00'),
(229, 22, '', '2022-05-18 10:45:14', '0000-00-00 00:00:00'),
(230, 22, '', '2022-05-18 10:45:14', '0000-00-00 00:00:00'),
(231, 23, '', '2022-05-18 10:45:14', '0000-00-00 00:00:00'),
(232, 23, '', '2022-05-18 10:45:14', '0000-00-00 00:00:00'),
(233, 23, '', '2022-05-18 10:45:14', '0000-00-00 00:00:00'),
(234, 23, '', '2022-05-18 10:45:14', '0000-00-00 00:00:00'),
(235, 23, '', '2022-05-18 10:45:14', '0000-00-00 00:00:00'),
(236, 23, '', '2022-05-18 10:45:14', '0000-00-00 00:00:00'),
(237, 23, '', '2022-05-18 10:45:14', '0000-00-00 00:00:00'),
(238, 23, '', '2022-05-18 10:45:14', '0000-00-00 00:00:00'),
(239, 23, '', '2022-05-18 10:45:14', '0000-00-00 00:00:00'),
(240, 23, '', '2022-05-18 10:45:14', '0000-00-00 00:00:00'),
(241, 24, '', '2022-05-18 10:45:14', '0000-00-00 00:00:00'),
(242, 24, '', '2022-05-18 10:45:14', '0000-00-00 00:00:00'),
(243, 24, '', '2022-05-18 10:45:14', '0000-00-00 00:00:00'),
(244, 24, '', '2022-05-18 10:45:14', '0000-00-00 00:00:00'),
(245, 24, '', '2022-05-18 10:45:14', '0000-00-00 00:00:00'),
(246, 24, '', '2022-05-18 10:45:14', '0000-00-00 00:00:00'),
(247, 24, '', '2022-05-18 10:45:14', '0000-00-00 00:00:00'),
(248, 24, '', '2022-05-18 10:45:14', '0000-00-00 00:00:00'),
(249, 24, '', '2022-05-18 10:45:14', '0000-00-00 00:00:00'),
(250, 24, '', '2022-05-18 10:45:14', '0000-00-00 00:00:00'),
(251, 25, '', '2022-05-18 10:58:46', '0000-00-00 00:00:00'),
(252, 25, '', '2022-05-18 10:58:46', '0000-00-00 00:00:00'),
(253, 25, '', '2022-05-18 10:58:46', '0000-00-00 00:00:00'),
(254, 25, '', '2022-05-18 10:58:46', '0000-00-00 00:00:00'),
(255, 25, '', '2022-05-18 10:58:46', '0000-00-00 00:00:00'),
(256, 25, '', '2022-05-18 10:58:46', '0000-00-00 00:00:00'),
(257, 25, '', '2022-05-18 10:58:46', '0000-00-00 00:00:00'),
(258, 25, '', '2022-05-18 10:58:46', '0000-00-00 00:00:00'),
(259, 25, '', '2022-05-18 10:58:46', '0000-00-00 00:00:00'),
(260, 25, '', '2022-05-18 10:58:46', '0000-00-00 00:00:00'),
(261, 26, '', '2022-05-18 10:58:46', '0000-00-00 00:00:00'),
(262, 26, '', '2022-05-18 10:58:46', '0000-00-00 00:00:00'),
(263, 26, '', '2022-05-18 10:58:46', '0000-00-00 00:00:00'),
(264, 26, '', '2022-05-18 10:58:46', '0000-00-00 00:00:00'),
(265, 26, '', '2022-05-18 10:58:46', '0000-00-00 00:00:00'),
(266, 26, '', '2022-05-18 10:58:46', '0000-00-00 00:00:00'),
(267, 26, '', '2022-05-18 10:58:46', '0000-00-00 00:00:00'),
(268, 26, '', '2022-05-18 10:58:46', '0000-00-00 00:00:00'),
(269, 26, '', '2022-05-18 10:58:46', '0000-00-00 00:00:00'),
(270, 26, '', '2022-05-18 10:58:46', '0000-00-00 00:00:00'),
(271, 27, '', '2022-05-18 10:58:46', '0000-00-00 00:00:00'),
(272, 27, '', '2022-05-18 10:58:46', '0000-00-00 00:00:00'),
(273, 27, '', '2022-05-18 10:58:46', '0000-00-00 00:00:00'),
(274, 27, '', '2022-05-18 10:58:46', '0000-00-00 00:00:00'),
(275, 27, '', '2022-05-18 10:58:46', '0000-00-00 00:00:00'),
(276, 27, '', '2022-05-18 10:58:46', '0000-00-00 00:00:00'),
(277, 27, '', '2022-05-18 10:58:46', '0000-00-00 00:00:00'),
(278, 27, '', '2022-05-18 10:58:46', '0000-00-00 00:00:00'),
(279, 27, '', '2022-05-18 10:58:46', '0000-00-00 00:00:00'),
(280, 27, '', '2022-05-18 10:58:46', '0000-00-00 00:00:00'),
(281, 28, '', '2022-05-18 10:58:46', '0000-00-00 00:00:00'),
(282, 28, '', '2022-05-18 10:58:46', '0000-00-00 00:00:00'),
(283, 28, '', '2022-05-18 10:58:46', '0000-00-00 00:00:00'),
(284, 28, '', '2022-05-18 10:58:46', '0000-00-00 00:00:00'),
(285, 28, '', '2022-05-18 10:58:46', '0000-00-00 00:00:00'),
(286, 28, '', '2022-05-18 10:58:46', '0000-00-00 00:00:00'),
(287, 28, '', '2022-05-18 10:58:46', '0000-00-00 00:00:00'),
(288, 28, '', '2022-05-18 10:58:46', '0000-00-00 00:00:00'),
(289, 28, '', '2022-05-18 10:58:46', '0000-00-00 00:00:00'),
(290, 28, '', '2022-05-18 10:58:46', '0000-00-00 00:00:00'),
(291, 29, '', '2022-05-18 10:58:46', '0000-00-00 00:00:00'),
(292, 29, '', '2022-05-18 10:58:46', '0000-00-00 00:00:00'),
(293, 29, '', '2022-05-18 10:58:46', '0000-00-00 00:00:00'),
(294, 29, '', '2022-05-18 10:58:46', '0000-00-00 00:00:00'),
(295, 29, '', '2022-05-18 10:58:46', '0000-00-00 00:00:00'),
(296, 29, '', '2022-05-18 10:58:46', '0000-00-00 00:00:00'),
(297, 29, '', '2022-05-18 10:58:46', '0000-00-00 00:00:00'),
(298, 29, '', '2022-05-18 10:58:46', '0000-00-00 00:00:00'),
(299, 29, '', '2022-05-18 10:58:46', '0000-00-00 00:00:00'),
(300, 29, '', '2022-05-18 10:58:46', '0000-00-00 00:00:00'),
(301, 30, '', '2022-05-18 10:59:14', '0000-00-00 00:00:00'),
(302, 30, '', '2022-05-18 10:59:14', '0000-00-00 00:00:00'),
(303, 30, '', '2022-05-18 10:59:14', '0000-00-00 00:00:00'),
(304, 30, '', '2022-05-18 10:59:14', '0000-00-00 00:00:00'),
(305, 30, '', '2022-05-18 10:59:14', '0000-00-00 00:00:00'),
(306, 30, '', '2022-05-18 10:59:14', '0000-00-00 00:00:00'),
(307, 30, '', '2022-05-18 10:59:14', '0000-00-00 00:00:00'),
(308, 30, '', '2022-05-18 10:59:14', '0000-00-00 00:00:00'),
(309, 30, '', '2022-05-18 10:59:14', '0000-00-00 00:00:00'),
(310, 30, '', '2022-05-18 10:59:14', '0000-00-00 00:00:00'),
(311, 31, '', '2022-05-18 10:59:14', '0000-00-00 00:00:00'),
(312, 31, '', '2022-05-18 10:59:14', '0000-00-00 00:00:00'),
(313, 31, '', '2022-05-18 10:59:14', '0000-00-00 00:00:00'),
(314, 31, '', '2022-05-18 10:59:14', '0000-00-00 00:00:00'),
(315, 31, '', '2022-05-18 10:59:14', '0000-00-00 00:00:00'),
(316, 31, '', '2022-05-18 10:59:14', '0000-00-00 00:00:00'),
(317, 31, '', '2022-05-18 10:59:14', '0000-00-00 00:00:00'),
(318, 31, '', '2022-05-18 10:59:14', '0000-00-00 00:00:00'),
(319, 31, '', '2022-05-18 10:59:14', '0000-00-00 00:00:00'),
(320, 31, '', '2022-05-18 10:59:14', '0000-00-00 00:00:00'),
(321, 32, '', '2022-05-18 10:59:14', '0000-00-00 00:00:00'),
(322, 32, '', '2022-05-18 10:59:14', '0000-00-00 00:00:00'),
(323, 32, '', '2022-05-18 10:59:14', '0000-00-00 00:00:00'),
(324, 32, '', '2022-05-18 10:59:14', '0000-00-00 00:00:00'),
(325, 32, '', '2022-05-18 10:59:14', '0000-00-00 00:00:00'),
(326, 32, '', '2022-05-18 10:59:14', '0000-00-00 00:00:00'),
(327, 32, '', '2022-05-18 10:59:14', '0000-00-00 00:00:00'),
(328, 32, '', '2022-05-18 10:59:14', '0000-00-00 00:00:00'),
(329, 32, '', '2022-05-18 10:59:14', '0000-00-00 00:00:00'),
(330, 32, '', '2022-05-18 10:59:14', '0000-00-00 00:00:00'),
(331, 33, '', '2022-05-18 10:59:14', '0000-00-00 00:00:00'),
(332, 33, '', '2022-05-18 10:59:14', '0000-00-00 00:00:00'),
(333, 33, '', '2022-05-18 10:59:14', '0000-00-00 00:00:00'),
(334, 33, '', '2022-05-18 10:59:14', '0000-00-00 00:00:00'),
(335, 33, '', '2022-05-18 10:59:14', '0000-00-00 00:00:00'),
(336, 33, '', '2022-05-18 10:59:14', '0000-00-00 00:00:00'),
(337, 33, '', '2022-05-18 10:59:14', '0000-00-00 00:00:00'),
(338, 33, '', '2022-05-18 10:59:14', '0000-00-00 00:00:00'),
(339, 33, '', '2022-05-18 10:59:14', '0000-00-00 00:00:00'),
(340, 33, '', '2022-05-18 10:59:14', '0000-00-00 00:00:00'),
(341, 34, '', '2022-05-18 10:59:14', '0000-00-00 00:00:00'),
(342, 34, '', '2022-05-18 10:59:14', '0000-00-00 00:00:00'),
(343, 34, '', '2022-05-18 10:59:14', '0000-00-00 00:00:00'),
(344, 34, '', '2022-05-18 10:59:14', '0000-00-00 00:00:00'),
(345, 34, '', '2022-05-18 10:59:14', '0000-00-00 00:00:00'),
(346, 34, '', '2022-05-18 10:59:14', '0000-00-00 00:00:00'),
(347, 34, '', '2022-05-18 10:59:14', '0000-00-00 00:00:00'),
(348, 34, '', '2022-05-18 10:59:14', '0000-00-00 00:00:00'),
(349, 34, '', '2022-05-18 10:59:14', '0000-00-00 00:00:00'),
(350, 34, '', '2022-05-18 10:59:14', '0000-00-00 00:00:00'),
(351, 35, '', '2022-05-18 10:59:29', '0000-00-00 00:00:00'),
(352, 35, '', '2022-05-18 10:59:29', '0000-00-00 00:00:00'),
(353, 35, '', '2022-05-18 10:59:29', '0000-00-00 00:00:00'),
(354, 35, '', '2022-05-18 10:59:29', '0000-00-00 00:00:00'),
(355, 35, '', '2022-05-18 10:59:29', '0000-00-00 00:00:00'),
(356, 35, '', '2022-05-18 10:59:29', '0000-00-00 00:00:00'),
(357, 35, '', '2022-05-18 10:59:29', '0000-00-00 00:00:00'),
(358, 35, '', '2022-05-18 10:59:29', '0000-00-00 00:00:00'),
(359, 35, '', '2022-05-18 10:59:29', '0000-00-00 00:00:00'),
(360, 35, '', '2022-05-18 10:59:29', '0000-00-00 00:00:00'),
(361, 36, '', '2022-05-18 10:59:29', '0000-00-00 00:00:00'),
(362, 36, '', '2022-05-18 10:59:29', '0000-00-00 00:00:00'),
(363, 36, '', '2022-05-18 10:59:29', '0000-00-00 00:00:00'),
(364, 36, '', '2022-05-18 10:59:29', '0000-00-00 00:00:00'),
(365, 36, '', '2022-05-18 10:59:29', '0000-00-00 00:00:00'),
(366, 36, '', '2022-05-18 10:59:29', '0000-00-00 00:00:00'),
(367, 36, '', '2022-05-18 10:59:29', '0000-00-00 00:00:00'),
(368, 36, '', '2022-05-18 10:59:29', '0000-00-00 00:00:00'),
(369, 36, '', '2022-05-18 10:59:29', '0000-00-00 00:00:00'),
(370, 36, '', '2022-05-18 10:59:29', '0000-00-00 00:00:00'),
(371, 37, '', '2022-05-18 10:59:29', '0000-00-00 00:00:00'),
(372, 37, '', '2022-05-18 10:59:29', '0000-00-00 00:00:00'),
(373, 37, '', '2022-05-18 10:59:29', '0000-00-00 00:00:00'),
(374, 37, '', '2022-05-18 10:59:29', '0000-00-00 00:00:00'),
(375, 37, '', '2022-05-18 10:59:29', '0000-00-00 00:00:00'),
(376, 37, '', '2022-05-18 10:59:29', '0000-00-00 00:00:00'),
(377, 37, '', '2022-05-18 10:59:29', '0000-00-00 00:00:00'),
(378, 37, '', '2022-05-18 10:59:29', '0000-00-00 00:00:00'),
(379, 37, '', '2022-05-18 10:59:29', '0000-00-00 00:00:00'),
(380, 37, '', '2022-05-18 10:59:29', '0000-00-00 00:00:00'),
(381, 38, '', '2022-05-18 10:59:29', '0000-00-00 00:00:00'),
(382, 38, '', '2022-05-18 10:59:29', '0000-00-00 00:00:00'),
(383, 38, '', '2022-05-18 10:59:29', '0000-00-00 00:00:00'),
(384, 38, '', '2022-05-18 10:59:29', '0000-00-00 00:00:00'),
(385, 38, '', '2022-05-18 10:59:29', '0000-00-00 00:00:00'),
(386, 38, '', '2022-05-18 10:59:29', '0000-00-00 00:00:00'),
(387, 38, '', '2022-05-18 10:59:29', '0000-00-00 00:00:00'),
(388, 38, '', '2022-05-18 10:59:29', '0000-00-00 00:00:00'),
(389, 38, '', '2022-05-18 10:59:29', '0000-00-00 00:00:00'),
(390, 38, '', '2022-05-18 10:59:29', '0000-00-00 00:00:00'),
(391, 39, '', '2022-05-18 10:59:29', '0000-00-00 00:00:00'),
(392, 39, '', '2022-05-18 10:59:29', '0000-00-00 00:00:00'),
(393, 39, '', '2022-05-18 10:59:29', '0000-00-00 00:00:00'),
(394, 39, '', '2022-05-18 10:59:29', '0000-00-00 00:00:00'),
(395, 39, '', '2022-05-18 10:59:29', '0000-00-00 00:00:00'),
(396, 39, '', '2022-05-18 10:59:29', '0000-00-00 00:00:00'),
(397, 39, '', '2022-05-18 10:59:29', '0000-00-00 00:00:00'),
(398, 39, '', '2022-05-18 10:59:29', '0000-00-00 00:00:00'),
(399, 39, '', '2022-05-18 10:59:29', '0000-00-00 00:00:00'),
(400, 39, '', '2022-05-18 10:59:29', '0000-00-00 00:00:00');

--
-- Indexes for dumped tables
--

--
-- Indexes for table `grades`
--
ALTER TABLE `grades`
  ADD PRIMARY KEY (`id`);

--
-- Indexes for table `histories`
--
ALTER TABLE `histories`
  ADD PRIMARY KEY (`student_id`,`rank_id`);

--
-- Indexes for table `phinxlog`
--
ALTER TABLE `phinxlog`
  ADD PRIMARY KEY (`version`);

--
-- Indexes for table `ranks`
--
ALTER TABLE `ranks`
  ADD PRIMARY KEY (`id`);

--
-- Indexes for table `results`
--
ALTER TABLE `results`
  ADD PRIMARY KEY (`student_id`,`worksheet_id`),
  ADD KEY `worksheet_id` (`worksheet_id`);

--
-- Indexes for table `students`
--
ALTER TABLE `students`
  ADD PRIMARY KEY (`id`),
  ADD KEY `fk_grades` (`grade_id`);

--
-- Indexes for table `subranks`
--
ALTER TABLE `subranks`
  ADD PRIMARY KEY (`id`),
  ADD KEY `rank_id` (`rank_id`);

--
-- Indexes for table `worksheets`
--
ALTER TABLE `worksheets`
  ADD PRIMARY KEY (`id`),
  ADD KEY `subrank_id` (`subrank_id`);

--
-- AUTO_INCREMENT for dumped tables
--

--
-- AUTO_INCREMENT for table `worksheets`
--
ALTER TABLE `worksheets`
  MODIFY `id` int(11) NOT NULL AUTO_INCREMENT, AUTO_INCREMENT=1801;

--
-- Constraints for dumped tables
--

--
-- Constraints for table `results`
--
ALTER TABLE `results`
  ADD CONSTRAINT `results_ibfk_1` FOREIGN KEY (`student_id`) REFERENCES `students` (`id`),
  ADD CONSTRAINT `results_ibfk_2` FOREIGN KEY (`worksheet_id`) REFERENCES `worksheets` (`id`);

--
-- Constraints for table `students`
--
ALTER TABLE `students`
  ADD CONSTRAINT `fk_grades` FOREIGN KEY (`grade_id`) REFERENCES `grades` (`id`);

--
-- Constraints for table `subranks`
--
ALTER TABLE `subranks`
  ADD CONSTRAINT `subranks_ibfk_1` FOREIGN KEY (`rank_id`) REFERENCES `ranks` (`id`);

--
-- Constraints for table `worksheets`
--
ALTER TABLE `worksheets`
  ADD CONSTRAINT `worksheets_ibfk_1` FOREIGN KEY (`subrank_id`) REFERENCES `subranks` (`id`);
COMMIT;

/*!40101 SET CHARACTER_SET_CLIENT=@OLD_CHARACTER_SET_CLIENT */;
/*!40101 SET CHARACTER_SET_RESULTS=@OLD_CHARACTER_SET_RESULTS */;
/*!40101 SET COLLATION_CONNECTION=@OLD_COLLATION_CONNECTION */;
